feature,importance_gain,importance_split
AgeDays,15188788.622833729,1345
Seasonality,561049.415265121,16042
BirWei,463434.0389192477,21949
Sex,366512.88592351554,6334
Breed,269615.1912476383,2270
LittleSize,110850.74268674664,6726
ReproStatus,43181.539192438126,1528
Lactation,16487.52230841003,3650
DaysInMilk,0.0,0
